Source,Target,Type,Id,Label,timeset,Weight
606935,11995332,Directed,1,,,1
606935,27835117,Directed,2,,,1
606935,31918619,Directed,3,,,1
606935,48920357,Directed,4,,,1
606935,58591324,Directed,5,,,1
606935,123135073,Directed,6,,,1
606935,129418433,Directed,7,,,1
606935,147738745,Directed,8,,,1
606935,163604438,Directed,9,,,1
606935,223965224,Directed,10,,,1
1687066,1895348,Directed,11,,,1
1687066,27835117,Directed,12,,,1
1687066,58591324,Directed,13,,,1
1687066,123135073,Directed,14,,,1
1687066,169281899,Directed,15,,,1
1880860,72323949,Directed,16,,,1
1895348,1687066,Directed,17,,,1
1895348,27835117,Directed,18,,,1
1895348,58591324,Directed,19,,,1
1895348,87659298,Directed,20,,,1
3962774,7291997,Directed,21,,,1
3962774,12448810,Directed,22,,,1
3962774,13901621,Directed,23,,,1
3962774,29318531,Directed,24,,,1
3962774,30326447,Directed,25,,,1
3962774,36013631,Directed,26,,,1
3962774,49737902,Directed,27,,,1
3962774,51040071,Directed,28,,,1
3962774,63059154,Directed,29,,,1
3962774,100320105,Directed,30,,,1
3962774,135539293,Directed,31,,,1
3962774,145599925,Directed,32,,,1
3962774,182912631,Directed,33,,,1
3962774,200526015,Directed,34,,,1
4163556,8091161,Directed,35,,,1
4163556,10038725,Directed,36,,,1
4163556,11758244,Directed,37,,,1
4163556,13678754,Directed,38,,,1
4163556,22643458,Directed,39,,,1
4163556,27835117,Directed,40,,,1
4163556,57578133,Directed,41,,,1
4163556,87659298,Directed,42,,,1
4163556,117257470,Directed,43,,,1
4163556,169281899,Directed,44,,,1
4163556,321776160,Directed,45,,,1
7291997,3962774,Directed,46,,,1
7291997,8443582,Directed,47,,,1
7291997,13570592,Directed,48,,,1
7291997,15214765,Directed,49,,,1
7291997,49737902,Directed,50,,,1
7291997,63632030,Directed,51,,,1
7291997,100320105,Directed,52,,,1
8091161,4163556,Directed,53,,,1
8091161,11032809,Directed,54,,,1
8091161,13678754,Directed,55,,,1
8091161,22643458,Directed,56,,,1
8091161,24457357,Directed,57,,,1
8091161,27835117,Directed,58,,,1
8091161,29560623,Directed,59,,,1
8091161,31918619,Directed,60,,,1
8091161,47437047,Directed,61,,,1
8091161,48920357,Directed,62,,,1
8091161,57578133,Directed,63,,,1
8091161,58591324,Directed,64,,,1
8091161,87659298,Directed,65,,,1
8091161,103643300,Directed,66,,,1
8091161,112323601,Directed,67,,,1
8091161,123135073,Directed,68,,,1
8091161,147738745,Directed,69,,,1
8091161,163604438,Directed,70,,,1
8091161,223965224,Directed,71,,,1
8091161,321776160,Directed,72,,,1
8443582,7291997,Directed,73,,,1
8443582,12448810,Directed,74,,,1
8443582,13570592,Directed,75,,,1
8443582,13901621,Directed,76,,,1
8443582,19528233,Directed,77,,,1
8443582,24968494,Directed,78,,,1
8443582,29318531,Directed,79,,,1
8443582,49737902,Directed,80,,,1
8443582,54805716,Directed,81,,,1
8443582,63059154,Directed,82,,,1
8443582,100320105,Directed,83,,,1
8443582,135539293,Directed,84,,,1
8443582,145599925,Directed,85,,,1
8443582,182912631,Directed,86,,,1
11032809,8091161,Directed,87,,,1
11032809,11396061,Directed,88,,,1
11032809,11758244,Directed,89,,,1
11032809,12545133,Directed,90,,,1
11032809,13678754,Directed,91,,,1
11032809,19745720,Directed,92,,,1
11032809,22643458,Directed,93,,,1
11032809,24457357,Directed,94,,,1
11032809,27835117,Directed,95,,,1
11032809,29560623,Directed,96,,,1
11032809,31918619,Directed,97,,,1
11032809,57578133,Directed,98,,,1
11032809,58591324,Directed,99,,,1
11032809,87659298,Directed,100,,,1
11032809,103643300,Directed,101,,,1
11032809,112323601,Directed,102,,,1
11032809,123135073,Directed,103,,,1
11032809,169281899,Directed,104,,,1
11032809,321380523,Directed,105,,,1
11032809,321776160,Directed,106,,,1
11396061,11032809,Directed,107,,,1
11396061,19745720,Directed,108,,,1
11396061,57578133,Directed,109,,,1
11396061,69615977,Directed,110,,,1
11396061,123135073,Directed,111,,,1
11758244,4163556,Directed,112,,,1
11758244,11032809,Directed,113,,,1
11758244,12545133,Directed,114,,,1
11758244,13678754,Directed,115,,,1
11758244,19528233,Directed,116,,,1
11758244,22643458,Directed,117,,,1
11758244,27835117,Directed,118,,,1
11758244,31918619,Directed,119,,,1
11758244,52524300,Directed,120,,,1
11758244,57578133,Directed,121,,,1
11758244,87659298,Directed,122,,,1
11758244,117257470,Directed,123,,,1
11758244,169281899,Directed,124,,,1
11758244,321776160,Directed,125,,,1
11758244,335066620,Directed,126,,,1
11995332,606935,Directed,127,,,1
11995332,27835117,Directed,128,,,1
11995332,48920357,Directed,129,,,1
11995332,147738745,Directed,130,,,1
11995332,163604438,Directed,131,,,1
11995332,223965224,Directed,132,,,1
12448810,3962774,Directed,133,,,1
12448810,8443582,Directed,134,,,1
12448810,13570592,Directed,135,,,1
12448810,39283361,Directed,136,,,1
12448810,100320105,Directed,137,,,1
12448810,145599925,Directed,138,,,1
12448810,184481239,Directed,139,,,1
12448810,208742453,Directed,140,,,1
12545133,11032809,Directed,141,,,1
12545133,11758244,Directed,142,,,1
12545133,13678754,Directed,143,,,1
12545133,19745720,Directed,144,,,1
12545133,22643458,Directed,145,,,1
12545133,22867259,Directed,146,,,1
12545133,24457357,Directed,147,,,1
12545133,27835117,Directed,148,,,1
12545133,29560623,Directed,149,,,1
12545133,31918619,Directed,150,,,1
12545133,55859088,Directed,151,,,1
12545133,57578133,Directed,152,,,1
12545133,80659368,Directed,153,,,1
12545133,87659298,Directed,154,,,1
12545133,103643300,Directed,155,,,1
12545133,123135073,Directed,156,,,1
12545133,133009701,Directed,157,,,1
12545133,169281899,Directed,158,,,1
12545133,321776160,Directed,159,,,1
12545133,335066620,Directed,160,,,1
13570592,7291997,Directed,161,,,1
13570592,8443582,Directed,162,,,1
13570592,12448810,Directed,163,,,1
13570592,13901621,Directed,164,,,1
13570592,15214765,Directed,165,,,1
13570592,24968494,Directed,166,,,1
13570592,27362559,Directed,167,,,1
13570592,29577094,Directed,168,,,1
13570592,36013631,Directed,169,,,1
13570592,49737902,Directed,170,,,1
13570592,54719519,Directed,171,,,1
13570592,54805716,Directed,172,,,1
13570592,63059154,Directed,173,,,1
13570592,100320105,Directed,174,,,1
13570592,118145874,Directed,175,,,1
13570592,133009701,Directed,176,,,1
13570592,135539293,Directed,177,,,1
13570592,144977816,Directed,178,,,1
13570592,145599925,Directed,179,,,1
13570592,160314044,Directed,180,,,1
13570592,171081009,Directed,181,,,1
13570592,182912631,Directed,182,,,1
13570592,184481239,Directed,183,,,1
13570592,265064671,Directed,184,,,1
13678754,4163556,Directed,185,,,1
13678754,8091161,Directed,186,,,1
13678754,11032809,Directed,187,,,1
13678754,11758244,Directed,188,,,1
13678754,12545133,Directed,189,,,1
13678754,19745720,Directed,190,,,1
13678754,22643458,Directed,191,,,1
13678754,24457357,Directed,192,,,1
13678754,27835117,Directed,193,,,1
13678754,31918619,Directed,194,,,1
13678754,55859088,Directed,195,,,1
13678754,57578133,Directed,196,,,1
13678754,58591324,Directed,197,,,1
13678754,87659298,Directed,198,,,1
13678754,103643300,Directed,199,,,1
13678754,117257470,Directed,200,,,1
13678754,123135073,Directed,201,,,1
13678754,169281899,Directed,202,,,1
13678754,335066620,Directed,203,,,1
13678754,349975431,Directed,204,,,1
13901621,3962774,Directed,205,,,1
13901621,8443582,Directed,206,,,1
13901621,13570592,Directed,207,,,1
13901621,15214765,Directed,208,,,1
13901621,19528233,Directed,209,,,1
13901621,20644948,Directed,210,,,1
13901621,24968494,Directed,211,,,1
13901621,27362559,Directed,212,,,1
13901621,29318531,Directed,213,,,1
13901621,29577094,Directed,214,,,1
13901621,30326447,Directed,215,,,1
13901621,30637530,Directed,216,,,1
13901621,33291061,Directed,217,,,1
13901621,36013631,Directed,218,,,1
13901621,36531766,Directed,219,,,1
13901621,49737902,Directed,220,,,1
13901621,54719519,Directed,221,,,1
13901621,54805716,Directed,222,,,1
13901621,63059154,Directed,223,,,1
13901621,63632030,Directed,224,,,1
13901621,118145874,Directed,225,,,1
13901621,133009701,Directed,226,,,1
13901621,135539293,Directed,227,,,1
13901621,138296578,Directed,228,,,1
13901621,143018151,Directed,229,,,1
13901621,144977816,Directed,230,,,1
13901621,145599925,Directed,231,,,1
13901621,182912631,Directed,232,,,1
13901621,184481239,Directed,233,,,1
13901621,200526015,Directed,234,,,1
13901621,223540146,Directed,235,,,1
13901621,269660736,Directed,236,,,1
13901621,348985678,Directed,237,,,1
15214765,7291997,Directed,238,,,1
15214765,13570592,Directed,239,,,1
15214765,13901621,Directed,240,,,1
15214765,24968494,Directed,241,,,1
15214765,29577094,Directed,242,,,1
15214765,33291061,Directed,243,,,1
15214765,36013631,Directed,244,,,1
15214765,49737902,Directed,245,,,1
15214765,51040071,Directed,246,,,1
15214765,54719519,Directed,247,,,1
15214765,63059154,Directed,248,,,1
15214765,72323949,Directed,249,,,1
15214765,133009701,Directed,250,,,1
15214765,135539293,Directed,251,,,1
15214765,160314044,Directed,252,,,1
15214765,182912631,Directed,253,,,1
15214765,184481239,Directed,254,,,1
15214765,228813727,Directed,255,,,1
17604614,24968494,Directed,256,,,1
19528233,8443582,Directed,257,,,1
19528233,11758244,Directed,258,,,1
19528233,13901621,Directed,259,,,1
19528233,20644948,Directed,260,,,1
19528233,27362559,Directed,261,,,1
19528233,29318531,Directed,262,,,1
19528233,29577094,Directed,263,,,1
19528233,33291061,Directed,264,,,1
19528233,36013631,Directed,265,,,1
19528233,36531766,Directed,266,,,1
19528233,49737902,Directed,267,,,1
19528233,52524300,Directed,268,,,1
19528233,54805716,Directed,269,,,1
19528233,63059154,Directed,270,,,1
19528233,87659298,Directed,271,,,1
19528233,118145874,Directed,272,,,1
19528233,133009701,Directed,273,,,1
19528233,135539293,Directed,274,,,1
19528233,145599925,Directed,275,,,1
19528233,160314044,Directed,276,,,1
19528233,182912631,Directed,277,,,1
19528233,184455124,Directed,278,,,1
19528233,184481239,Directed,279,,,1
19528233,200526015,Directed,280,,,1
19528233,223540146,Directed,281,,,1
19528233,269660736,Directed,282,,,1
19745720,11032809,Directed,283,,,1
19745720,11396061,Directed,284,,,1
19745720,12545133,Directed,285,,,1
19745720,13678754,Directed,286,,,1
19745720,22643458,Directed,287,,,1
19745720,24457357,Directed,288,,,1
19745720,27835117,Directed,289,,,1
19745720,29560623,Directed,290,,,1
19745720,31918619,Directed,291,,,1
19745720,57578133,Directed,292,,,1
19745720,58591324,Directed,293,,,1
19745720,69615977,Directed,294,,,1
19745720,87659298,Directed,295,,,1
19745720,103643300,Directed,296,,,1
19745720,117257470,Directed,297,,,1
19745720,123135073,Directed,298,,,1
19745720,138662527,Directed,299,,,1
19745720,319946857,Directed,300,,,1
19745720,321380523,Directed,301,,,1
19745720,321776160,Directed,302,,,1
20644948,13901621,Directed,303,,,1
20644948,19528233,Directed,304,,,1
20644948,29318531,Directed,305,,,1
20644948,36013631,Directed,306,,,1
20644948,38375746,Directed,307,,,1
20644948,49737902,Directed,308,,,1
20644948,51040071,Directed,309,,,1
20644948,54719519,Directed,310,,,1
20644948,84899856,Directed,311,,,1
20644948,145599925,Directed,312,,,1
20644948,171081009,Directed,313,,,1
20644948,348985678,Directed,314,,,1
22643458,4163556,Directed,315,,,1
22643458,8091161,Directed,316,,,1
22643458,11032809,Directed,317,,,1
22643458,11758244,Directed,318,,,1
22643458,12545133,Directed,319,,,1
22643458,13678754,Directed,320,,,1
22643458,19745720,Directed,321,,,1
22643458,27835117,Directed,322,,,1
22643458,55859088,Directed,323,,,1
22643458,57578133,Directed,324,,,1
22643458,58591324,Directed,325,,,1
22643458,87659298,Directed,326,,,1
22643458,123135073,Directed,327,,,1
22643458,138662527,Directed,328,,,1
22643458,335066620,Directed,329,,,1
24457357,8091161,Directed,330,,,1
24457357,10038725,Directed,331,,,1
24457357,11032809,Directed,332,,,1
24457357,12545133,Directed,333,,,1
24457357,13678754,Directed,334,,,1
24457357,19745720,Directed,335,,,1
24457357,27835117,Directed,336,,,1
24457357,29560623,Directed,337,,,1
24457357,31918619,Directed,338,,,1
24457357,48920357,Directed,339,,,1
24457357,55859088,Directed,340,,,1
24457357,57578133,Directed,341,,,1
24457357,58591324,Directed,342,,,1
24457357,69615977,Directed,343,,,1
24457357,87659298,Directed,344,,,1
24457357,103643300,Directed,345,,,1
24457357,112323601,Directed,346,,,1
24457357,117257470,Directed,347,,,1
24457357,123135073,Directed,348,,,1
24457357,138662527,Directed,349,,,1
24457357,169281899,Directed,350,,,1
24457357,319946857,Directed,351,,,1
24457357,321380523,Directed,352,,,1
24457357,321776160,Directed,353,,,1
24968494,8443582,Directed,354,,,1
24968494,13570592,Directed,355,,,1
24968494,13901621,Directed,356,,,1
24968494,15214765,Directed,357,,,1
24968494,17604614,Directed,358,,,1
24968494,29318531,Directed,359,,,1
24968494,30637530,Directed,360,,,1
24968494,49737902,Directed,361,,,1
24968494,54719519,Directed,362,,,1
24968494,54805716,Directed,363,,,1
24968494,84899856,Directed,364,,,1
24968494,135539293,Directed,365,,,1
24968494,145599925,Directed,366,,,1
24968494,160314044,Directed,367,,,1
24968494,348985678,Directed,368,,,1
27362559,13570592,Directed,369,,,1
27362559,13901621,Directed,370,,,1
27362559,19528233,Directed,371,,,1
27362559,29318531,Directed,372,,,1
27362559,29577094,Directed,373,,,1
27362559,33291061,Directed,374,,,1
27362559,36013631,Directed,375,,,1
27362559,38375746,Directed,376,,,1
27362559,49737902,Directed,377,,,1
27362559,54719519,Directed,378,,,1
27362559,54805716,Directed,379,,,1
27362559,133009701,Directed,380,,,1
27362559,138296578,Directed,381,,,1
27362559,143018151,Directed,382,,,1
27362559,144977816,Directed,383,,,1
27362559,145599925,Directed,384,,,1
27362559,160314044,Directed,385,,,1
27835117,606935,Directed,386,,,1
27835117,1687066,Directed,387,,,1
27835117,1895348,Directed,388,,,1
27835117,4163556,Directed,389,,,1
27835117,8091161,Directed,390,,,1
27835117,10038725,Directed,391,,,1
27835117,11032809,Directed,392,,,1
27835117,11758244,Directed,393,,,1
27835117,11995332,Directed,394,,,1
27835117,12545133,Directed,395,,,1
27835117,13678754,Directed,396,,,1
27835117,19745720,Directed,397,,,1
27835117,22643458,Directed,398,,,1
27835117,24457357,Directed,399,,,1
27835117,31918619,Directed,400,,,1
27835117,48920357,Directed,401,,,1
27835117,55859088,Directed,402,,,1
27835117,57578133,Directed,403,,,1
27835117,58591324,Directed,404,,,1
27835117,87659298,Directed,405,,,1
27835117,103643300,Directed,406,,,1
27835117,112323601,Directed,407,,,1
27835117,117257470,Directed,408,,,1
27835117,118572183,Directed,409,,,1
27835117,123135073,Directed,410,,,1
27835117,147738745,Directed,411,,,1
27835117,169281899,Directed,412,,,1
27835117,321776160,Directed,413,,,1
27835117,335066620,Directed,414,,,1
27835117,349975431,Directed,415,,,1
29560623,8091161,Directed,416,,,1
29560623,11032809,Directed,417,,,1
29560623,12545133,Directed,418,,,1
29560623,19745720,Directed,419,,,1
29560623,24457357,Directed,420,,,1
29560623,55859088,Directed,421,,,1
29560623,57578133,Directed,422,,,1
29560623,58591324,Directed,423,,,1
29560623,87659298,Directed,424,,,1
29560623,103643300,Directed,425,,,1
29560623,123135073,Directed,426,,,1
29560623,169281899,Directed,427,,,1
29560623,263173351,Directed,428,,,1
29560623,319946857,Directed,429,,,1
29560623,321380523,Directed,430,,,1
29560623,335066620,Directed,431,,,1
29577094,13570592,Directed,432,,,1
29577094,13901621,Directed,433,,,1
29577094,15214765,Directed,434,,,1
29577094,19528233,Directed,435,,,1
29577094,27362559,Directed,436,,,1
29577094,30326447,Directed,437,,,1
29577094,36013631,Directed,438,,,1
29577094,38375746,Directed,439,,,1
29577094,49737902,Directed,440,,,1
29577094,54719519,Directed,441,,,1
29577094,63059154,Directed,442,,,1
29577094,100320105,Directed,443,,,1
29577094,118145874,Directed,444,,,1
29577094,133009701,Directed,445,,,1
29577094,135539293,Directed,446,,,1
29577094,145599925,Directed,447,,,1
29577094,171081009,Directed,448,,,1
29577094,182912631,Directed,449,,,1
29577094,184481239,Directed,450,,,1
29577094,223540146,Directed,451,,,1
29577094,265064671,Directed,452,,,1
30326447,3962774,Directed,453,,,1
30326447,13901621,Directed,454,,,1
30326447,29577094,Directed,455,,,1
30326447,36013631,Directed,456,,,1
30326447,36531766,Directed,457,,,1
30326447,49737902,Directed,458,,,1
30326447,54719519,Directed,459,,,1
30326447,63059154,Directed,460,,,1
30326447,118145874,Directed,461,,,1
30326447,135539293,Directed,462,,,1
30326447,144977816,Directed,463,,,1
30326447,145599925,Directed,464,,,1
30326447,185821111,Directed,465,,,1
30326447,223540146,Directed,466,,,1
30326447,265064671,Directed,467,,,1
30326447,348985678,Directed,468,,,1
31918619,606935,Directed,469,,,1
31918619,8091161,Directed,470,,,1
31918619,11032809,Directed,471,,,1
31918619,11758244,Directed,472,,,1
31918619,12545133,Directed,473,,,1
31918619,13678754,Directed,474,,,1
31918619,19745720,Directed,475,,,1
31918619,24457357,Directed,476,,,1
31918619,27835117,Directed,477,,,1
31918619,35682388,Directed,478,,,1
31918619,57578133,Directed,479,,,1
31918619,87659298,Directed,480,,,1
31918619,103643300,Directed,481,,,1
31918619,123135073,Directed,482,,,1
31918619,138662527,Directed,483,,,1
31918619,169281899,Directed,484,,,1
31918619,319946857,Directed,485,,,1
31918619,321776160,Directed,486,,,1
33291061,13901621,Directed,487,,,1
33291061,15214765,Directed,488,,,1
33291061,19528233,Directed,489,,,1
33291061,27362559,Directed,490,,,1
33291061,49737902,Directed,491,,,1
33291061,54805716,Directed,492,,,1
33291061,63059154,Directed,493,,,1
33291061,133009701,Directed,494,,,1
33291061,144977816,Directed,495,,,1
33291061,145599925,Directed,496,,,1
34338675,68797455,Directed,497,,,1
35682388,31918619,Directed,498,,,1
36013631,3962774,Directed,499,,,1
36013631,13570592,Directed,500,,,1
36013631,13901621,Directed,501,,,1
36013631,15214765,Directed,502,,,1
36013631,19528233,Directed,503,,,1
36013631,20644948,Directed,504,,,1
36013631,27362559,Directed,505,,,1
36013631,29318531,Directed,506,,,1
36013631,29577094,Directed,507,,,1
36013631,30326447,Directed,508,,,1
36013631,38375746,Directed,509,,,1
36013631,49737902,Directed,510,,,1
36013631,54719519,Directed,511,,,1
36013631,54805716,Directed,512,,,1
36013631,63059154,Directed,513,,,1
36013631,63632030,Directed,514,,,1
36013631,84899856,Directed,515,,,1
36013631,118145874,Directed,516,,,1
36013631,133009701,Directed,517,,,1
36013631,135539293,Directed,518,,,1
36013631,144977816,Directed,519,,,1
36013631,145599925,Directed,520,,,1
36013631,171081009,Directed,521,,,1
36013631,182912631,Directed,522,,,1
36013631,208742453,Directed,523,,,1
36013631,223540146,Directed,524,,,1
36013631,269660736,Directed,525,,,1
36013631,348985678,Directed,526,,,1
36531766,13901621,Directed,527,,,1
36531766,19528233,Directed,528,,,1
36531766,30326447,Directed,529,,,1
36531766,63059154,Directed,530,,,1
36531766,118145874,Directed,531,,,1
36531766,135539293,Directed,532,,,1
36531766,223540146,Directed,533,,,1
36531766,265064671,Directed,534,,,1
38375746,20644948,Directed,535,,,1
38375746,27362559,Directed,536,,,1
38375746,29577094,Directed,537,,,1
38375746,36013631,Directed,538,,,1
38375746,49737902,Directed,539,,,1
38375746,54719519,Directed,540,,,1
38375746,54805716,Directed,541,,,1
38375746,100320105,Directed,542,,,1
38375746,118145874,Directed,543,,,1
38375746,129922299,Directed,544,,,1
38375746,145599925,Directed,545,,,1
38375746,184455124,Directed,546,,,1
38375746,348985678,Directed,547,,,1
39283361,12448810,Directed,548,,,1
39283361,29318531,Directed,549,,,1
39283361,63059154,Directed,550,,,1
39283361,100320105,Directed,551,,,1
39283361,208742453,Directed,552,,,1
47437047,8091161,Directed,553,,,1
47437047,48920357,Directed,554,,,1
48920357,606935,Directed,555,,,1
48920357,8091161,Directed,556,,,1
48920357,11995332,Directed,557,,,1
48920357,24457357,Directed,558,,,1
48920357,27835117,Directed,559,,,1
48920357,47437047,Directed,560,,,1
48920357,55859088,Directed,561,,,1
48920357,57578133,Directed,562,,,1
48920357,117257470,Directed,563,,,1
48920357,129418433,Directed,564,,,1
48920357,147738745,Directed,565,,,1
48920357,163604438,Directed,566,,,1
48920357,223965224,Directed,567,,,1
48920357,321776160,Directed,568,,,1
49737902,3962774,Directed,569,,,1
49737902,7291997,Directed,570,,,1
49737902,8443582,Directed,571,,,1
49737902,13570592,Directed,572,,,1
49737902,13901621,Directed,573,,,1
49737902,15214765,Directed,574,,,1
49737902,19528233,Directed,575,,,1
49737902,20644948,Directed,576,,,1
49737902,24968494,Directed,577,,,1
49737902,27362559,Directed,578,,,1
49737902,29318531,Directed,579,,,1
49737902,29577094,Directed,580,,,1
49737902,30326447,Directed,581,,,1
49737902,30637530,Directed,582,,,1
49737902,33291061,Directed,583,,,1
49737902,36013631,Directed,584,,,1
49737902,38375746,Directed,585,,,1
49737902,54719519,Directed,586,,,1
49737902,54805716,Directed,587,,,1
49737902,63059154,Directed,588,,,1
49737902,100320105,Directed,589,,,1
49737902,118145874,Directed,590,,,1
49737902,119421614,Directed,591,,,1
49737902,133009701,Directed,592,,,1
49737902,135539293,Directed,593,,,1
49737902,138296578,Directed,594,,,1
49737902,144977816,Directed,595,,,1
49737902,145599925,Directed,596,,,1
49737902,160314044,Directed,597,,,1
49737902,182912631,Directed,598,,,1
49737902,184455124,Directed,599,,,1
49737902,200526015,Directed,600,,,1
49737902,223540146,Directed,601,,,1
49737902,269660736,Directed,602,,,1
51040071,3962774,Directed,603,,,1
51040071,15214765,Directed,604,,,1
51040071,20644948,Directed,605,,,1
51040071,54719519,Directed,606,,,1
51040071,63632030,Directed,607,,,1
52524300,11758244,Directed,608,,,1
52524300,19528233,Directed,609,,,1
52524300,57578133,Directed,610,,,1
52524300,68797455,Directed,611,,,1
52524300,87659298,Directed,612,,,1
54719519,13570592,Directed,613,,,1
54719519,13901621,Directed,614,,,1
54719519,15214765,Directed,615,,,1
54719519,20644948,Directed,616,,,1
54719519,24968494,Directed,617,,,1
54719519,27362559,Directed,618,,,1
54719519,29318531,Directed,619,,,1
54719519,29577094,Directed,620,,,1
54719519,30326447,Directed,621,,,1
54719519,36013631,Directed,622,,,1
54719519,38375746,Directed,623,,,1
54719519,49737902,Directed,624,,,1
54719519,51040071,Directed,625,,,1
54719519,54805716,Directed,626,,,1
54719519,63059154,Directed,627,,,1
54719519,118145874,Directed,628,,,1
54719519,133009701,Directed,629,,,1
54719519,135539293,Directed,630,,,1
54719519,145599925,Directed,631,,,1
54719519,160314044,Directed,632,,,1
54719519,171081009,Directed,633,,,1
54719519,182912631,Directed,634,,,1
54719519,223540146,Directed,635,,,1
54719519,228813727,Directed,636,,,1
54719519,265064671,Directed,637,,,1
54805716,8443582,Directed,638,,,1
54805716,13570592,Directed,639,,,1
54805716,13901621,Directed,640,,,1
54805716,19528233,Directed,641,,,1
54805716,24968494,Directed,642,,,1
54805716,27362559,Directed,643,,,1
54805716,33291061,Directed,644,,,1
54805716,36013631,Directed,645,,,1
54805716,38375746,Directed,646,,,1
54805716,49737902,Directed,647,,,1
54805716,54719519,Directed,648,,,1
54805716,63059154,Directed,649,,,1
54805716,118145874,Directed,650,,,1
54805716,133009701,Directed,651,,,1
54805716,135539293,Directed,652,,,1
54805716,144977816,Directed,653,,,1
54805716,145599925,Directed,654,,,1
54805716,156506219,Directed,655,,,1
54805716,160314044,Directed,656,,,1
54805716,184455124,Directed,657,,,1
54805716,246644060,Directed,658,,,1
54805716,348985678,Directed,659,,,1
55859088,10038725,Directed,660,,,1
55859088,12545133,Directed,661,,,1
55859088,13678754,Directed,662,,,1
55859088,22643458,Directed,663,,,1
55859088,24457357,Directed,664,,,1
55859088,27835117,Directed,665,,,1
55859088,29560623,Directed,666,,,1
55859088,48920357,Directed,667,,,1
55859088,58591324,Directed,668,,,1
55859088,103643300,Directed,669,,,1
55859088,123135073,Directed,670,,,1
55859088,263173351,Directed,671,,,1
55859088,335066620,Directed,672,,,1
57578133,4163556,Directed,673,,,1
57578133,8091161,Directed,674,,,1
57578133,10038725,Directed,675,,,1
57578133,11032809,Directed,676,,,1
57578133,11396061,Directed,677,,,1
57578133,11758244,Directed,678,,,1
57578133,12545133,Directed,679,,,1
57578133,13678754,Directed,680,,,1
57578133,19745720,Directed,681,,,1
57578133,22643458,Directed,682,,,1
57578133,24457357,Directed,683,,,1
57578133,27835117,Directed,684,,,1
57578133,29560623,Directed,685,,,1
57578133,31918619,Directed,686,,,1
57578133,48920357,Directed,687,,,1
57578133,52524300,Directed,688,,,1
57578133,69615977,Directed,689,,,1
57578133,87659298,Directed,690,,,1
57578133,117257470,Directed,691,,,1
57578133,123135073,Directed,692,,,1
57578133,138662527,Directed,693,,,1
57578133,169281899,Directed,694,,,1
57578133,319946857,Directed,695,,,1
57578133,321380523,Directed,696,,,1
57578133,321776160,Directed,697,,,1
57578133,335066620,Directed,698,,,1
58591324,606935,Directed,699,,,1
58591324,1687066,Directed,700,,,1
58591324,1895348,Directed,701,,,1
58591324,8091161,Directed,702,,,1
58591324,11032809,Directed,703,,,1
58591324,13678754,Directed,704,,,1
58591324,19745720,Directed,705,,,1
58591324,22643458,Directed,706,,,1
58591324,24457357,Directed,707,,,1
58591324,27835117,Directed,708,,,1
58591324,29560623,Directed,709,,,1
58591324,55859088,Directed,710,,,1
58591324,112323601,Directed,711,,,1
58591324,117257470,Directed,712,,,1
58591324,118572183,Directed,713,,,1
58591324,123135073,Directed,714,,,1
58591324,163604438,Directed,715,,,1
58591324,169281899,Directed,716,,,1
58591324,335066620,Directed,717,,,1
63059154,3962774,Directed,718,,,1
63059154,8443582,Directed,719,,,1
63059154,13570592,Directed,720,,,1
63059154,13901621,Directed,721,,,1
63059154,15214765,Directed,722,,,1
63059154,19528233,Directed,723,,,1
63059154,29318531,Directed,724,,,1
63059154,29577094,Directed,725,,,1
63059154,30326447,Directed,726,,,1
63059154,30637530,Directed,727,,,1
63059154,33291061,Directed,728,,,1
63059154,36531766,Directed,729,,,1
63059154,39283361,Directed,730,,,1
63059154,49737902,Directed,731,,,1
63059154,54719519,Directed,732,,,1
63059154,54805716,Directed,733,,,1
63059154,118145874,Directed,734,,,1
63059154,133009701,Directed,735,,,1
63059154,135539293,Directed,736,,,1
63059154,143018151,Directed,737,,,1
63059154,144977816,Directed,738,,,1
63059154,145599925,Directed,739,,,1
63059154,171081009,Directed,740,,,1
63059154,182912631,Directed,741,,,1
63059154,184481239,Directed,742,,,1
63059154,265064671,Directed,743,,,1
63059154,348985678,Directed,744,,,1
63632030,7291997,Directed,745,,,1
63632030,13901621,Directed,746,,,1
63632030,29318531,Directed,747,,,1
63632030,36013631,Directed,748,,,1
63632030,51040071,Directed,749,,,1
68797455,34338675,Directed,750,,,1
68797455,52524300,Directed,751,,,1
69615977,11396061,Directed,752,,,1
69615977,19745720,Directed,753,,,1
69615977,24457357,Directed,754,,,1
69615977,57578133,Directed,755,,,1
69615977,87659298,Directed,756,,,1
69615977,138662527,Directed,757,,,1
69615977,169281899,Directed,758,,,1
69615977,319946857,Directed,759,,,1
69615977,321380523,Directed,760,,,1
72323949,1880860,Directed,761,,,1
72323949,15214765,Directed,762,,,1
72323949,78669494,Directed,763,,,1
72323949,129922299,Directed,764,,,1
72323949,137829508,Directed,765,,,1
72323949,168914237,Directed,766,,,1
72323949,185821111,Directed,767,,,1
78669494,72323949,Directed,768,,,1
78669494,129922299,Directed,769,,,1
78669494,137829508,Directed,770,,,1
78669494,168914237,Directed,771,,,1
78669494,185821111,Directed,772,,,1
80659368,12545133,Directed,773,,,1
80659368,22867259,Directed,774,,,1
84899856,20644948,Directed,775,,,1
84899856,24968494,Directed,776,,,1
84899856,36013631,Directed,777,,,1
84899856,145599925,Directed,778,,,1
87659298,1895348,Directed,779,,,1
87659298,4163556,Directed,780,,,1
87659298,8091161,Directed,781,,,1
87659298,11032809,Directed,782,,,1
87659298,11758244,Directed,783,,,1
87659298,12545133,Directed,784,,,1
87659298,13678754,Directed,785,,,1
87659298,19528233,Directed,786,,,1
87659298,19745720,Directed,787,,,1
87659298,22643458,Directed,788,,,1
87659298,24457357,Directed,789,,,1
87659298,27835117,Directed,790,,,1
87659298,29560623,Directed,791,,,1
87659298,31918619,Directed,792,,,1
87659298,52524300,Directed,793,,,1
87659298,57578133,Directed,794,,,1
87659298,69615977,Directed,795,,,1
87659298,117257470,Directed,796,,,1
87659298,123135073,Directed,797,,,1
87659298,138662527,Directed,798,,,1
87659298,169281899,Directed,799,,,1
87659298,319946857,Directed,800,,,1
87659298,321776160,Directed,801,,,1
100320105,3962774,Directed,802,,,1
100320105,7291997,Directed,803,,,1
100320105,8443582,Directed,804,,,1
100320105,12448810,Directed,805,,,1
100320105,13570592,Directed,806,,,1
100320105,29318531,Directed,807,,,1
100320105,29577094,Directed,808,,,1
100320105,30637530,Directed,809,,,1
100320105,38375746,Directed,810,,,1
100320105,39283361,Directed,811,,,1
100320105,49737902,Directed,812,,,1
100320105,118145874,Directed,813,,,1
100320105,135539293,Directed,814,,,1
100320105,145599925,Directed,815,,,1
100320105,200526015,Directed,816,,,1
100320105,269660736,Directed,817,,,1
103643300,8091161,Directed,818,,,1
103643300,10038725,Directed,819,,,1
103643300,11032809,Directed,820,,,1
103643300,12545133,Directed,821,,,1
103643300,13678754,Directed,822,,,1
103643300,19745720,Directed,823,,,1
103643300,24457357,Directed,824,,,1
103643300,27835117,Directed,825,,,1
103643300,29560623,Directed,826,,,1
103643300,31918619,Directed,827,,,1
103643300,55859088,Directed,828,,,1
103643300,112323601,Directed,829,,,1
103643300,117257470,Directed,830,,,1
103643300,123135073,Directed,831,,,1
103643300,319946857,Directed,832,,,1
103643300,321776160,Directed,833,,,1
103643300,335066620,Directed,834,,,1
107909684,118145874,Directed,835,,,1
107909684,223540146,Directed,836,,,1
107909684,265064671,Directed,837,,,1
112323601,8091161,Directed,838,,,1
112323601,11032809,Directed,839,,,1
112323601,24457357,Directed,840,,,1
112323601,27835117,Directed,841,,,1
112323601,58591324,Directed,842,,,1
112323601,103643300,Directed,843,,,1
112323601,117257470,Directed,844,,,1
112323601,321776160,Directed,845,,,1
112323601,349975431,Directed,846,,,1
117257470,4163556,Directed,847,,,1
117257470,11758244,Directed,848,,,1
117257470,13678754,Directed,849,,,1
117257470,19745720,Directed,850,,,1
117257470,24457357,Directed,851,,,1
117257470,27835117,Directed,852,,,1
117257470,48920357,Directed,853,,,1
117257470,57578133,Directed,854,,,1
117257470,58591324,Directed,855,,,1
117257470,87659298,Directed,856,,,1
117257470,103643300,Directed,857,,,1
117257470,112323601,Directed,858,,,1
117257470,118572183,Directed,859,,,1
117257470,169281899,Directed,860,,,1
117257470,321776160,Directed,861,,,1
117257470,349975431,Directed,862,,,1
118145874,13570592,Directed,863,,,1
118145874,13901621,Directed,864,,,1
118145874,19528233,Directed,865,,,1
118145874,29318531,Directed,866,,,1
118145874,29577094,Directed,867,,,1
118145874,30326447,Directed,868,,,1
118145874,36013631,Directed,869,,,1
118145874,36531766,Directed,870,,,1
118145874,38375746,Directed,871,,,1
118145874,49737902,Directed,872,,,1
118145874,54719519,Directed,873,,,1
118145874,54805716,Directed,874,,,1
118145874,63059154,Directed,875,,,1
118145874,100320105,Directed,876,,,1
118145874,107909684,Directed,877,,,1
118145874,133009701,Directed,878,,,1
118145874,135539293,Directed,879,,,1
118145874,145599925,Directed,880,,,1
118145874,223540146,Directed,881,,,1
118145874,265064671,Directed,882,,,1
118572183,27835117,Directed,883,,,1
118572183,58591324,Directed,884,,,1
118572183,117257470,Directed,885,,,1
119421614,49737902,Directed,886,,,1
123135073,606935,Directed,887,,,1
123135073,1687066,Directed,888,,,1
123135073,8091161,Directed,889,,,1
123135073,11032809,Directed,890,,,1
123135073,11396061,Directed,891,,,1
123135073,12545133,Directed,892,,,1
123135073,13678754,Directed,893,,,1
123135073,19745720,Directed,894,,,1
123135073,22643458,Directed,895,,,1
123135073,24457357,Directed,896,,,1
123135073,27835117,Directed,897,,,1
123135073,29560623,Directed,898,,,1
123135073,31918619,Directed,899,,,1
123135073,55859088,Directed,900,,,1
123135073,57578133,Directed,901,,,1
123135073,58591324,Directed,902,,,1
123135073,87659298,Directed,903,,,1
123135073,103643300,Directed,904,,,1
123135073,138662527,Directed,905,,,1
123135073,169281899,Directed,906,,,1
123135073,263173351,Directed,907,,,1
123135073,319946857,Directed,908,,,1
123135073,321380523,Directed,909,,,1
123135073,321776160,Directed,910,,,1
123135073,335066620,Directed,911,,,1
129418433,606935,Directed,912,,,1
129418433,48920357,Directed,913,,,1
129418433,147738745,Directed,914,,,1
129418433,163604438,Directed,915,,,1
129418433,321776160,Directed,916,,,1
133009701,12545133,Directed,917,,,1
133009701,13570592,Directed,918,,,1
133009701,13901621,Directed,919,,,1
133009701,15214765,Directed,920,,,1
133009701,19528233,Directed,921,,,1
133009701,27362559,Directed,922,,,1
133009701,29318531,Directed,923,,,1
133009701,29577094,Directed,924,,,1
133009701,30637530,Directed,925,,,1
133009701,33291061,Directed,926,,,1
133009701,36013631,Directed,927,,,1
133009701,49737902,Directed,928,,,1
133009701,54719519,Directed,929,,,1
133009701,54805716,Directed,930,,,1
133009701,63059154,Directed,931,,,1
133009701,118145874,Directed,932,,,1
133009701,135539293,Directed,933,,,1
133009701,138296578,Directed,934,,,1
133009701,143018151,Directed,935,,,1
133009701,144977816,Directed,936,,,1
133009701,145599925,Directed,937,,,1
133009701,160314044,Directed,938,,,1
133009701,246644060,Directed,939,,,1
135539293,3962774,Directed,940,,,1
135539293,8443582,Directed,941,,,1
135539293,13570592,Directed,942,,,1
135539293,13901621,Directed,943,,,1
135539293,15214765,Directed,944,,,1
135539293,19528233,Directed,945,,,1
135539293,24968494,Directed,946,,,1
135539293,29577094,Directed,947,,,1
135539293,30326447,Directed,948,,,1
135539293,36013631,Directed,949,,,1
135539293,36531766,Directed,950,,,1
135539293,49737902,Directed,951,,,1
135539293,54719519,Directed,952,,,1
135539293,54805716,Directed,953,,,1
135539293,63059154,Directed,954,,,1
135539293,100320105,Directed,955,,,1
135539293,118145874,Directed,956,,,1
135539293,133009701,Directed,957,,,1
135539293,144977816,Directed,958,,,1
135539293,145599925,Directed,959,,,1
135539293,171081009,Directed,960,,,1
135539293,182912631,Directed,961,,,1
135539293,184481239,Directed,962,,,1
135539293,223540146,Directed,963,,,1
137829508,72323949,Directed,964,,,1
137829508,78669494,Directed,965,,,1
137829508,129922299,Directed,966,,,1
137829508,168914237,Directed,967,,,1
137829508,185821111,Directed,968,,,1
138662527,19745720,Directed,969,,,1
138662527,22643458,Directed,970,,,1
138662527,24457357,Directed,971,,,1
138662527,31918619,Directed,972,,,1
138662527,57578133,Directed,973,,,1
138662527,69615977,Directed,974,,,1
138662527,87659298,Directed,975,,,1
138662527,123135073,Directed,976,,,1
138662527,319946857,Directed,977,,,1
138662527,335066620,Directed,978,,,1
144977816,13570592,Directed,979,,,1
144977816,13901621,Directed,980,,,1
144977816,27362559,Directed,981,,,1
144977816,29318531,Directed,982,,,1
144977816,30326447,Directed,983,,,1
144977816,30637530,Directed,984,,,1
144977816,33291061,Directed,985,,,1
144977816,36013631,Directed,986,,,1
144977816,49737902,Directed,987,,,1
144977816,54805716,Directed,988,,,1
144977816,63059154,Directed,989,,,1
144977816,133009701,Directed,990,,,1
144977816,135539293,Directed,991,,,1
144977816,138296578,Directed,992,,,1
144977816,145599925,Directed,993,,,1
144977816,184455124,Directed,994,,,1
144977816,200526015,Directed,995,,,1
145599925,3962774,Directed,996,,,1
145599925,8443582,Directed,997,,,1
145599925,12448810,Directed,998,,,1
145599925,13570592,Directed,999,,,1
145599925,13901621,Directed,1000,,,1
145599925,19528233,Directed,1001,,,1
145599925,20644948,Directed,1002,,,1
145599925,24968494,Directed,1003,,,1
145599925,27362559,Directed,1004,,,1
145599925,29318531,Directed,1005,,,1
145599925,29577094,Directed,1006,,,1
145599925,30326447,Directed,1007,,,1
145599925,33291061,Directed,1008,,,1
145599925,36013631,Directed,1009,,,1
145599925,38375746,Directed,1010,,,1
145599925,49737902,Directed,1011,,,1
145599925,54719519,Directed,1012,,,1
145599925,54805716,Directed,1013,,,1
145599925,63059154,Directed,1014,,,1
145599925,84899856,Directed,1015,,,1
145599925,100320105,Directed,1016,,,1
145599925,118145874,Directed,1017,,,1
145599925,133009701,Directed,1018,,,1
145599925,135539293,Directed,1019,,,1
145599925,144977816,Directed,1020,,,1
145599925,182912631,Directed,1021,,,1
145599925,184481239,Directed,1022,,,1
145599925,200526015,Directed,1023,,,1
145599925,223540146,Directed,1024,,,1
145599925,265064671,Directed,1025,,,1
145599925,269660736,Directed,1026,,,1
147738745,606935,Directed,1027,,,1
147738745,8091161,Directed,1028,,,1
147738745,11995332,Directed,1029,,,1
147738745,27835117,Directed,1030,,,1
147738745,48920357,Directed,1031,,,1
147738745,129418433,Directed,1032,,,1
147738745,163604438,Directed,1033,,,1
147738745,166696383,Directed,1034,,,1
147738745,223965224,Directed,1035,,,1
147738745,349975431,Directed,1036,,,1
156506219,54805716,Directed,1037,,,1
160314044,13570592,Directed,1038,,,1
160314044,15214765,Directed,1039,,,1
160314044,19528233,Directed,1040,,,1
160314044,24968494,Directed,1041,,,1
160314044,27362559,Directed,1042,,,1
160314044,49737902,Directed,1043,,,1
160314044,54719519,Directed,1044,,,1
160314044,54805716,Directed,1045,,,1
160314044,133009701,Directed,1046,,,1
160314044,200526015,Directed,1047,,,1
163604438,606935,Directed,1048,,,1
163604438,8091161,Directed,1049,,,1
163604438,11995332,Directed,1050,,,1
163604438,48920357,Directed,1051,,,1
163604438,58591324,Directed,1052,,,1
163604438,129418433,Directed,1053,,,1
163604438,147738745,Directed,1054,,,1
163604438,166696383,Directed,1055,,,1
163604438,223965224,Directed,1056,,,1
163604438,335066620,Directed,1057,,,1
166696383,147738745,Directed,1058,,,1
166696383,163604438,Directed,1059,,,1
168914237,72323949,Directed,1060,,,1
168914237,78669494,Directed,1061,,,1
168914237,129922299,Directed,1062,,,1
168914237,137829508,Directed,1063,,,1
168914237,185821111,Directed,1064,,,1
169281899,1687066,Directed,1065,,,1
169281899,4163556,Directed,1066,,,1
169281899,11032809,Directed,1067,,,1
169281899,11758244,Directed,1068,,,1
169281899,12545133,Directed,1069,,,1
169281899,13678754,Directed,1070,,,1
169281899,24457357,Directed,1071,,,1
169281899,27835117,Directed,1072,,,1
169281899,29560623,Directed,1073,,,1
169281899,31918619,Directed,1074,,,1
169281899,57578133,Directed,1075,,,1
169281899,58591324,Directed,1076,,,1
169281899,69615977,Directed,1077,,,1
169281899,87659298,Directed,1078,,,1
169281899,117257470,Directed,1079,,,1
169281899,123135073,Directed,1080,,,1
169281899,319946857,Directed,1081,,,1
169281899,321380523,Directed,1082,,,1
169281899,321776160,Directed,1083,,,1
171081009,13570592,Directed,1084,,,1
171081009,20644948,Directed,1085,,,1
171081009,29577094,Directed,1086,,,1
171081009,36013631,Directed,1087,,,1
171081009,54719519,Directed,1088,,,1
171081009,63059154,Directed,1089,,,1
171081009,135539293,Directed,1090,,,1
182912631,3962774,Directed,1091,,,1
182912631,8443582,Directed,1092,,,1
182912631,13570592,Directed,1093,,,1
182912631,13901621,Directed,1094,,,1
182912631,15214765,Directed,1095,,,1
182912631,19528233,Directed,1096,,,1
182912631,29577094,Directed,1097,,,1
182912631,36013631,Directed,1098,,,1
182912631,49737902,Directed,1099,,,1
182912631,54719519,Directed,1100,,,1
182912631,63059154,Directed,1101,,,1
182912631,135539293,Directed,1102,,,1
182912631,145599925,Directed,1103,,,1
182912631,184481239,Directed,1104,,,1
184455124,19528233,Directed,1105,,,1
184455124,38375746,Directed,1106,,,1
184455124,49737902,Directed,1107,,,1
184455124,54805716,Directed,1108,,,1
184455124,144977816,Directed,1109,,,1
184455124,348985678,Directed,1110,,,1
184481239,12448810,Directed,1111,,,1
184481239,13570592,Directed,1112,,,1
184481239,13901621,Directed,1113,,,1
184481239,15214765,Directed,1114,,,1
184481239,19528233,Directed,1115,,,1
184481239,29577094,Directed,1116,,,1
184481239,36013631,Directed,1117,,,1
184481239,63059154,Directed,1118,,,1
184481239,135539293,Directed,1119,,,1
184481239,145599925,Directed,1120,,,1
184481239,182912631,Directed,1121,,,1
185821111,30326447,Directed,1122,,,1
185821111,72323949,Directed,1123,,,1
185821111,78669494,Directed,1124,,,1
185821111,129922299,Directed,1125,,,1
185821111,137829508,Directed,1126,,,1
185821111,168914237,Directed,1127,,,1
200526015,3962774,Directed,1128,,,1
200526015,13901621,Directed,1129,,,1
200526015,19528233,Directed,1130,,,1
200526015,29318531,Directed,1131,,,1
200526015,30637530,Directed,1132,,,1
200526015,49737902,Directed,1133,,,1
200526015,100320105,Directed,1134,,,1
200526015,144977816,Directed,1135,,,1
200526015,145599925,Directed,1136,,,1
200526015,160314044,Directed,1137,,,1
223540146,13901621,Directed,1138,,,1
223540146,19528233,Directed,1139,,,1
223540146,29577094,Directed,1140,,,1
223540146,30326447,Directed,1141,,,1
223540146,36013631,Directed,1142,,,1
223540146,36531766,Directed,1143,,,1
223540146,49737902,Directed,1144,,,1
223540146,54719519,Directed,1145,,,1
223540146,107909684,Directed,1146,,,1
223540146,118145874,Directed,1147,,,1
223540146,135539293,Directed,1148,,,1
223540146,145599925,Directed,1149,,,1
223540146,265064671,Directed,1150,,,1
223965224,606935,Directed,1151,,,1
223965224,8091161,Directed,1152,,,1
223965224,11995332,Directed,1153,,,1
223965224,48920357,Directed,1154,,,1
223965224,147738745,Directed,1155,,,1
223965224,163604438,Directed,1156,,,1
223965224,321776160,Directed,1157,,,1
228813727,15214765,Directed,1158,,,1
228813727,54719519,Directed,1159,,,1
246644060,54805716,Directed,1160,,,1
246644060,133009701,Directed,1161,,,1
263173351,29560623,Directed,1162,,,1
263173351,55859088,Directed,1163,,,1
263173351,123135073,Directed,1164,,,1
265064671,13570592,Directed,1165,,,1
265064671,29577094,Directed,1166,,,1
265064671,30326447,Directed,1167,,,1
265064671,36531766,Directed,1168,,,1
265064671,54719519,Directed,1169,,,1
265064671,63059154,Directed,1170,,,1
265064671,107909684,Directed,1171,,,1
265064671,118145874,Directed,1172,,,1
265064671,145599925,Directed,1173,,,1
265064671,223540146,Directed,1174,,,1
319946857,19745720,Directed,1175,,,1
319946857,24457357,Directed,1176,,,1
319946857,29560623,Directed,1177,,,1
319946857,31918619,Directed,1178,,,1
319946857,57578133,Directed,1179,,,1
319946857,69615977,Directed,1180,,,1
319946857,87659298,Directed,1181,,,1
319946857,103643300,Directed,1182,,,1
319946857,123135073,Directed,1183,,,1
319946857,138662527,Directed,1184,,,1
319946857,169281899,Directed,1185,,,1
319946857,321380523,Directed,1186,,,1
319946857,321776160,Directed,1187,,,1
321380523,11032809,Directed,1188,,,1
321380523,19745720,Directed,1189,,,1
321380523,24457357,Directed,1190,,,1
321380523,29560623,Directed,1191,,,1
321380523,57578133,Directed,1192,,,1
321380523,69615977,Directed,1193,,,1
321380523,123135073,Directed,1194,,,1
321380523,169281899,Directed,1195,,,1
321380523,319946857,Directed,1196,,,1
321776160,4163556,Directed,1197,,,1
321776160,8091161,Directed,1198,,,1
321776160,10038725,Directed,1199,,,1
321776160,11032809,Directed,1200,,,1
321776160,11758244,Directed,1201,,,1
321776160,12545133,Directed,1202,,,1
321776160,19745720,Directed,1203,,,1
321776160,24457357,Directed,1204,,,1
321776160,27835117,Directed,1205,,,1
321776160,31918619,Directed,1206,,,1
321776160,48920357,Directed,1207,,,1
321776160,57578133,Directed,1208,,,1
321776160,87659298,Directed,1209,,,1
321776160,103643300,Directed,1210,,,1
321776160,112323601,Directed,1211,,,1
321776160,117257470,Directed,1212,,,1
321776160,123135073,Directed,1213,,,1
321776160,129418433,Directed,1214,,,1
321776160,169281899,Directed,1215,,,1
321776160,223965224,Directed,1216,,,1
321776160,319946857,Directed,1217,,,1
321776160,335066620,Directed,1218,,,1
335066620,11758244,Directed,1219,,,1
335066620,12545133,Directed,1220,,,1
335066620,13678754,Directed,1221,,,1
335066620,22643458,Directed,1222,,,1
335066620,27835117,Directed,1223,,,1
335066620,29560623,Directed,1224,,,1
335066620,57578133,Directed,1225,,,1
335066620,58591324,Directed,1226,,,1
335066620,103643300,Directed,1227,,,1
335066620,123135073,Directed,1228,,,1
335066620,138662527,Directed,1229,,,1
335066620,163604438,Directed,1230,,,1
335066620,321776160,Directed,1231,,,1
348985678,13901621,Directed,1232,,,1
348985678,20644948,Directed,1233,,,1
348985678,24968494,Directed,1234,,,1
348985678,30326447,Directed,1235,,,1
348985678,36013631,Directed,1236,,,1
348985678,38375746,Directed,1237,,,1
348985678,54805716,Directed,1238,,,1
348985678,63059154,Directed,1239,,,1
348985678,184455124,Directed,1240,,,1
349975431,13678754,Directed,1241,,,1
349975431,27835117,Directed,1242,,,1
349975431,112323601,Directed,1243,,,1
349975431,117257470,Directed,1244,,,1
349975431,147738745,Directed,1245,,,1
